Frame #,Prediction Probability,Running Average Probability,Running Average Binary Prediction,Filtered Binary Prediction
5,9.977917e-06,3.9739727e-05,0,0
6,0.00014685722,0.015887436,0,0
7,2.0937923e-06,0.016952252,0,0
8,2.999437e-08,0.014530518,0,0
9,0.07927822,0.014579127,0,0
10,0.022276329,0.014801924,0,0
11,1.1913307e-07,0.014897912,0,0
12,0.0003502394,0.014919045,0,0
13,0.0017064371,0.003596866,0,0
14,0.00067401037,0.0004943275,0,0
15,0.00014797105,0.0041117086,0,0
16,2.2956672e-05,0.0040617115,0,0
17,0.00055855897,0.0038179425,0,0
18,0.025321787,0.003766436,0,0
19,2.5871077e-07,0.0037462611,0,0
20,5.3394718e-08,0.0037437254,0,0
21,0.00031346464,0.0036639313,0,0
22,6.746159e-06,4.653312e-05,0,0
23,5.208629e-06,5.7404097e-05,0,0
24,1.2812238e-12,5.740184e-05,0,0
25,3.0709565e-10,1.2621181e-05,0,0
26,7.6355514e-05,1.1657444e-05,0,0
27,3.765339e-08,1.0913353e-05,0,0
28,2.3423305e-12,1.1250822e-05,0,0
29,2.3683416e-12,1.1250779e-05,0,0
30,4.475441e-13,3.428499e-07,0,0
31,2.3622886e-06,3.3747258e-07,0,0
32,1.2173705e-12,3.377791e-07,0,0
33,8.1140915e-13,3.379189e-07,0,0
34,1.23193e-11,3.3791883e-07,0,0
35,2.1482496e-09,2.2347558e-08,0,0
36,9.807248e-10,2.2350767e-08,0,0
37,2.9588726e-15,2.2350708e-08,0,0
38,1.5328958e-07,7.850299e-07,0,0
39,2.3690293e-11,7.8872114e-07,0,0
40,4.0079122e-13,7.74189e-06,0,0
41,5.3387666e-06,7.843515e-06,0,0
42,2.7987014e-08,7.826208e-06,0,0
43,4.8673162e-05,7.826593e-06,0,0
44,7.113754e-07,7.826593e-06,0,0
45,3.2141354e-08,7.713334e-06,0,0
46,2.7170102e-09,7.7093555e-06,0,0
47,1.3842188e-12,7.563276e-07,0,0
48,4.5459533e-06,6.550773e-07,0,0
49,1.4255581e-10,6.508507e-07,0,0
50,1.9626594e-09,6.5056383e-07,0,0
51,2.6235498e-09,6.5056366e-07,0,0
52,2.554791e-09,1.1418108e-09,0,0
53,7.0910977e-10,1.1276808e-09,0,0
54,8.054625e-15,8.473027e-10,0,0
55,6.658871e-16,9.630504e-10,0,0
56,4.3646736e-11,1.3392458e-09,0,0
57,1.2853885e-14,1.2379635e-09,0,0
58,3.433784e-09,1.2604577e-09,0,0
59,5.1881583e-09,1.2607977e-09,0,0
60,1.338185e-13,1.7082001e-09,0,0
61,1.5746811e-10,3.5346892e-09,0,0
62,2.3802247e-12,3.0574971e-09,0,0
63,3.1754643e-09,2.3163336e-09,0,0
64,1.2785435e-08,2.316397e-09,0,0
65,9.344065e-11,2.2939024e-09,0,0
66,1.30287914e-14,5.000107e-06,0,0
67,5.788912e-13,5.001759e-06,0,0
68,5.5490513e-15,4.999937e-06,0,0
69,3.4984696e-05,5.106674e-06,0,0
70,1.4737041e-08,0.025487792,0,0
71,3.4181758e-11,0.025487822,0,0
72,7.47251e-07,0.025487822,0,0
73,0.17837879,0.025482822,0,0
74,2.0772696e-07,0.02548282,0,0
75,4.29187e-11,0.025493145,0,0
76,2.4042524e-12,0.025493061,0,0
77,2.8076702e-10,3.0341866e-05,0,0
78,7.226936e-05,5.1761705e-05,0,0
79,1.6995513e-07,5.1765088e-05,0,0
80,0.0001397457,5.1765168e-05,0,0
81,0.0001501466,5.1765124e-05,0,0
82,2.370529e-08,4.1441053e-05,0,0
83,5.5292027e-10,4.1416784e-05,0,0
84,1.4052583e-12,2.1457692e-05,0,0
85,8.573652e-10,8.178388e-09,0,0
86,6.415562e-11,4.791961e-09,0,0
87,3.2066893e-08,5.1877067e-09,0,0
88,6.8653053e-13,8.801437e-09,0,0
89,3.0189043e-13,4.678342e-05,0,0
90,3.3231389e-09,4.6787725e-05,0,0
91,2.529752e-08,4.824146e-05,0,0
92,0.00032742321,4.8259895e-05,0,0
93,3.0187273e-08,4.8259895e-05,0,0
94,1.0208234e-05,4.8261416e-05,0,0
95,1.2905714e-07,5.5398334e-05,0,0
96,1.0785886e-11,0.0006485633,0,0
97,1.3938333e-08,0.00064900157,0,0
98,4.998374e-05,0.0006475453,0,0
99,0.004479578,0.0006475269,0,0
100,3.098234e-06,0.0006475269,0,0
101,1.4205816e-08,0.0006476166,0,0
102,1.0176473e-13,0.000640744,0,0
103,6.7707675e-12,8.042185e-07,0,0
104,6.4154005e-07,3.619476e-07,0,0
105,1.8755363e-06,3.6035456e-07,0,0
106,6.482943e-12,3.606432e-07,0,0
107,2.337563e-09,4.726198e-06,0,0
108,3.0545424e-09,4.6345617e-06,0,0
109,2.0205049e-09,9.434793e-06,0,0
110,3.055889e-05,9.434792e-06,0,0
111,8.2081175e-11,9.43446e-06,0,0
112,3.5477162e-05,9.434023e-06,0,0
113,5.852348e-13,9.434335e-06,0,0
114,5.5774335e-12,5.068785e-06,0,0
115,1.2394366e-15,5.0689746e-06,0,0
116,4.2001362e-09,8.0821666e-10,0,0
117,4.0769763e-11,1.7243789e-09,0,0
118,1.4104458e-09,1.723591e-09,0,0
119,1.2498725e-15,1.7235954e-09,0,0
120,6.413721e-09,1.1235828e-09,0,0
121,6.121938e-14,1.1283202e-09,0,0
122,3.2116498e-14,9.269317e-10,0,0
123,4.7690435e-14,1.0658101e-07,0,0
124,7.3932305e-11,3.5206185e-07,0,0
125,7.2611437e-13,3.5207094e-07,0,0
126,7.395786e-07,3.5207563e-07,0,0
127,1.7247796e-06,3.7413116e-07,0,0
128,6.358355e-11,3.8294675e-07,0,0
129,3.290339e-11,3.8297784e-07,0,0
130,1.5438889e-07,2.7734913e-07,0,0
131,6.1782615e-08,3.4502335e-08,0,0
132,2.1881427e-10,4.4074227e-08,0,0
133,1.7788492e-10,4.444606e-08,0,0
134,2.485165e-08,2.2394802e-08,0,0
135,6.706682e-08,1.36428815e-08,0,0
136,2.6357427e-09,2.5738968e-08,0,0
137,3.007797e-11,1.4792543e-07,0,0
138,5.191768e-10,1.4443238e-07,0,0
139,8.489142e-08,1.3485476e-07,0,0
140,8.554831e-07,1.3448788e-07,0,0
141,4.002479e-10,1.3448988e-07,0,0
142,2.3525041e-11,1.3742631e-07,0,0
143,6.759506e-11,1.2530984e-07,0,0
144,4.4084313e-11,1.6612128e-07,0,0
145,2.1074111e-08,2.1063288e-07,0,0
146,7.6171146e-11,3.776979e-06,0,0
147,1.1411632e-06,4.5364072e-06,0,0
148,3.1198144e-07,4.539361e-06,0,0
149,2.4964445e-05,0.00022976557,0,0
150,5.3160666e-06,0.0060356776,0,0
151,2.071951e-08,0.006079069,0,0
152,0.0015766046,0.0060842433,0,0
153,0.040641382,0.00608083,0,0
154,0.00030488323,0.006080127,0,0
155,3.6533824e-05,0.0060840785,0,0
156,1.0746145e-06,0.0058589727,0,0
157,3.8988713e-07,9.19917e-05,0,0
158,2.7683507e-05,0.00021471354,0,0
159,8.631833e-07,0.00020949445,0,0
160,0.00027251366,0.00020934096,0,0
161,0.0011639361,0.00020928527,0,0
162,1.7028733e-10,0.00020533046,0,0
163,2.0671842e-10,0.00021570604,0,0
164,2.1514982e-12,0.0001767755,0,0
165,1.3254017e-15,1.0498925e-05,0,0
166,7.34921e-05,1.0498901e-05,0,0
167,4.546034e-16,1.0498871e-05,0,0
168,1.5598728e-20,1.0498871e-05,0,0
169,2.6763303e-17,1.0498871e-05,0,0
170,3.071348e-22,9.181642e-14,0,0
171,3.1574545e-13,9.1752906e-14,0,0
172,2.283496e-13,9.685076e-14,0,0
173,9.8138525e-14,3.7789505e-08,0,0
174,1.005308e-17,3.8792262e-08,0,0
175,3.5684915e-14,1.9121622e-07,0,0
176,2.6452585e-07,1.9230194e-07,0,0
177,7.0192963e-09,1.9230906e-07,0,0
178,1.0669679e-06,1.9230906e-07,0,0
179,7.600345e-09,1.923387e-07,0,0
180,4.9985703e-11,1.5455109e-07,0,0
181,1.9492503e-14,1.5354833e-07,0,0
182,2.074515e-10,1.125794e-09,0,0
183,1.2587268e-11,4.406764e-11,0,0
184,1.5217331e-14,3.6926875e-11,0,0
185,1.0153818e-11,3.6925445e-11,0,0
186,2.826049e-11,8.602283e-12,0,0
187,3.3105195e-16,9.868269e-08,0,0
188,9.499616e-15,9.8682776e-08,0,0
189,9.189356e-12,9.934872e-08,0,0
190,6.907312e-07,1.0027507e-07,0,0
191,5.795099e-13,1.0027545e-07,0,0
192,4.6717767e-09,1.6650165e-07,0,0
193,6.51266e-09,1.6653344e-07,0,0
194,2.7498828e-12,4.883787e-07,0,0
195,4.635834e-07,1.2278938e-05,0,0
196,2.3164264e-10,1.2278271e-05,0,0
197,2.943648e-06,1.2277341e-05,0,0
198,8.2533916e-05,1.22773845e-05,0,0
199,5.086014e-13,1.918704e-05,0,0
200,1.1902473e-13,0.00028328432,0,0
201,3.1647487e-10,0.0014532038,0,0
202,4.8831185e-05,0.0035267447,0,0
203,0.0018486811,0.0072356523,0,0
204,0.00819238,0.11897243,0,0
205,0.014597318,0.1621054,0,0
206,0.025962353,0.1624719,0,0
207,0.7821574,0.16220783,0,0
208,0.30193076,0.16103747,0,0
209,0.0026145347,0.15895216,0,0
210,2.545883e-10,0.15524326,0,0
211,8.2626345e-12,0.043506682,0,0
212,6.786036e-08,0.00037371818,0,0
213,4.3886166e-14,2.1325934e-07,0,0
214,1.4220274e-06,2.1327473e-07,0,0
215,2.6607154e-09,2.1629405e-07,0,0
216,3.9753366e-12,2.0730452e-07,0,0
217,3.6243905e-10,2.0797367e-07,0,0
218,2.1143522e-08,4.8269704e-09,0,0
219,4.9337023e-09,4.4470254e-09,0,0
220,4.684027e-09,4.80178e-09,0,0
221,4.1090736e-13,3.0908545e-08,0,0
222,1.0998695e-12,2.788857e-08,0,0
223,2.4872555e-09,2.7193e-08,0,0
224,1.8310979e-07,2.6528852e-08,0,0
225,3.69144e-12,2.652884e-08,0,0
226,6.473247e-11,2.6528683e-08,0,0
227,3.4980945e-11,2.6173526e-08,0,0
228,3.248227e-13,2.04966e-11,0,0
229,4.331223e-17,3.2430078e-10,0,0
230,1.1564412e-12,1.4920997e-09,0,0
231,3.859003e-11,1.4886251e-09,0,0
232,2.1303206e-09,2.074675e-09,0,0
233,8.239325e-09,2.0822442e-09,0,0
234,1.0658926e-11,9.626499e-07,0,0
235,4.1026755e-09,9.626976e-07,0,0
236,5.298306e-11,9.624226e-07,0,0
237,6.723975e-06,9.618324e-07,0,0
238,3.7273565e-10,9.639248e-07,0,0
239,2.0561226e-10,9.642218e-07,0,0
240,4.107264e-09,9.642647e-07,0,0
241,1.4657457e-08,3.6969598e-09,0,0
242,6.1817835e-09,3.6486634e-09,0,0
243,3.5336112e-10,3.6193035e-09,0,0
244,5.0413547e-13,3.0357743e-09,0,0
245,3.4660955e-11,1.0412203e-09,0,0
246,9.468957e-14,1.726933e-10,0,0
247,2.256021e-11,1.2225472e-10,0,0
248,6.9557743e-10,1.2218271e-10,0,0
249,1.02094604e-10,6.4467304e-10,0,0
250,2.9101762e-13,6.739525e-10,0,0
251,5.3399037e-18,6.7789063e-10,0,0
252,3.6920933e-09,5.7853194e-10,0,0
253,2.0505105e-10,5.8660926e-10,0,0
254,5.0126816e-11,6.467948e-10,0,0
255,6.66448e-14,6.467949e-10,0,0
256,1.5863566e-10,1.193571e-10,0,0
257,4.2158974e-10,3.7112882e-10,0,0
258,4.0405195e-16,1.2283864e-08,0,0
259,2.933184e-14,5.5584508e-08,0,0
260,1.967453e-09,7.475564e-08,0,0
261,8.3439275e-08,3.4637656e-06,0,0
262,3.0310457e-07,0.13190416,0,0
263,1.343566e-07,0.24629506,0,0
264,2.372349e-05,0.2870213,0,0
265,0.92330486,0.3924577,0,0
266,0.8007363,0.5016046,1,0
267,0.28508362,0.62909824,1,0
268,0.7380549,0.62977415,1,0
269,0.7640289,0.49787346,0,0
270,0.8924549,0.38348255,0,0
271,0.0047554504,0.3427563,0,0
272,7.649556e-10,0.23733437,0,0
273,8.138835e-08,0.12818736,0,0
274,7.114101e-10,0.00069380517,0,0
275,0.00010110265,1.4455085e-05,0,0
276,6.990816e-11,1.4480808e-05,0,0
277,8.365193e-14,1.4469282e-05,0,0
278,6.0197255e-12,1.4469188e-05,0,0
279,1.808264e-07,2.6011728e-08,0,0
280,7.058833e-10,2.6049666e-08,0,0
281,5.3569586e-11,2.6050568e-08,0,0
282,4.2021855e-10,2.6049793e-08,0,0
283,3.354949e-10,2.2248156e-10,0,0
284,6.3744778e-12,1.2164499e-10,0,0
285,6.158576e-13,1.139981e-10,0,0
286,3.5214175e-11,5.4040748e-11,0,0
287,2.7417411e-14,6.112903e-12,0,0
288,4.13482e-14,5.2022644e-12,0,0
289,5.170435e-13,6.5479553e-12,0,0
290,2.5153857e-19,2.410882e-12,0,0
291,2.1887602e-18,2.4069668e-12,0,0
292,1.0035695e-11,2.4129065e-12,0,0
293,6.2546665e-12,3.0461942e-12,0,0
294,1.0814136e-17,1.1443601e-11,0,0
295,8.292721e-14,1.2485128e-11,0,0
296,4.950058e-12,1.8723814e-10,0,0
297,5.878185e-11,5.672263e-08,0,0
298,7.290693e-12,5.672454e-08,0,0
299,1.2333068e-09,5.6887696e-08,0,0
300,3.95754e-07,5.6887135e-08,0,0
301,1.3388119e-11,5.6879067e-08,0,0
302,1.1421591e-09,5.7130098e-08,0,0
303,1.0369336e-12,5.7261314e-08,0,0
304,2.2929898e-12,2.5842837e-08,0,0
305,1.7644919e-09,9.43095e-06,0,0
306,2.1518378e-09,1.0540084e-05,0,0
307,1.7582465e-07,1.0540157e-05,0,0
308,6.583576e-05,1.0541765e-05,0,0
309,7.765086e-06,1.0541699e-05,0,0
310,5.097103e-10,1.0541424e-05,0,0
311,1.1261952e-08,1.0517796e-05,0,0
312,1.2997426e-09,1.2311385e-06,0,0
313,2.2880772e-10,1.5311761e-07,0,0
314,1.0427488e-08,1.9819448e-07,0,0
315,8.2915636e-07,1.9692565e-07,0,0
316,2.1893916e-07,1.9674296e-07,0,0
317,3.1604787e-07,1.9679446e-07,0,0
318,2.3802327e-09,5.1033504e-07,0,0
319,2.0844975e-11,4.3002805e-07,0,0
320,5.89286e-10,3.6010733e-06,0,0
321,2.2052116e-06,3.5559517e-06,0,0
322,2.670074e-07,3.633319e-06,0,0
323,2.2416256e-05,3.6538204e-06,0,0
324,1.9577232e-10,3.656826e-06,0,0
325,5.439515e-07,3.4639554e-06,0,0
326,1.4353084e-07,3.4258228e-06,0,0
327,2.1628999e-08,2.2641221e-07,0,0
328,8.5511687e-07,2.2665552e-07,0,0
329,7.822552e-11,2.9462913e-07,0,0
330,2.0383387e-08,6.797222e-07,0,0
331,1.8989e-09,7.373105e-07,0,0
332,1.0197666e-06,6.2849324e-07,0,0
333,2.8391821e-06,6.2855105e-07,0,0
334,4.2474724e-07,6.256399e-07,0,0
335,9.339659e-08,6.253922e-07,0,0
336,4.831532e-10,5.078728e-07,0,0
337,5.082807e-12,1.09036826e-07,0,0
338,1.649581e-10,4.8360864e-08,0,0
339,1.9713049e-07,5.4641113e-08,0,0
340,4.7330282e-08,8.3483584e-08,0,0
341,1.547723e-11,0.00010456804,0,0
342,1.3735834e-07,0.00012852892,0,0
343,2.023804e-07,0.00012850117,0,0
344,0.0007313919,0.00014555398,0,0
345,0.00016772632,0.0001457272,0,0
346,2.932425e-09,0.00014570764,0,0
347,0.00011941693,0.000408581,0,0
348,1.2126138e-06,0.00030434242,0,0
349,4.6176898e-10,0.00028051776,0,0
350,0.0018403158,0.00028075607,0,0
351,1.7217591e-06,0.00026370384,0,0
352,9.53899e-07,0.00031400536,0,0
353,1.6710155e-06,0.0003180257,0,0
354,5.1293892e-08,6.46029e-05,0,0
355,0.00035332324,0.026153656,0,0
356,2.8142947e-05,0.02620183,0,0
357,6.635619e-05,0.026431406,0,0
358,0.1826251,0.026431432,0,0
359,0.00033816008,0.026382219,0,0
360,0.0016087013,0.026385143,0,0
361,2.3624727e-07,0.026376398,0,0
362,8.815758e-06,0.0004165601,0,0
363,4.862672e-05,0.0003683003,0,0
364,5.1428733e-06,0.00013848594,0,0
365,0.000906238,0.00013845217,0,0
366,3.4141257e-07,0.00013776355,0,0
367,5.1754645e-10,0.00013136552,0,0
368,2.3256954e-11,0.00013111215,0,0
369,3.9952974e-06,9.260852e-05,0,0
370,3.8406e-06,0.00013925701,0,0
371,3.3692318e-06,0.004184914,0,0
372,0.0006367126,0.010614706,0,0
373,0.00032688084,0.010883874,0,0
374,0.028319597,0.0108868405,0,0
375,0.045008548,0.010887402,0,0
376,0.0018881722,0.01085162,0,0
377,2.4608424e-05,0.01082878,0,0
378,7.30486e-06,0.006785464,0,0
379,0.00038622945,0.00035568018,0,0
380,0.00016700276,8.595603e-05,0,0
381,1.6385486e-05,8.2440565e-05,0,0
382,5.8276456e-08,8.785871e-05,0,0
383,1.0295673e-07,3.2701253e-05,0,0
384,1.7861963e-10,8.843731e-06,0,0
385,4.5231805e-05,6.5033614e-06,0,0
386,1.2731101e-07,6.4950395e-06,0,0
387,1.1076876e-10,6.48194e-06,0,0
388,2.8939307e-09,7.514259e-06,0,0
389,2.0467935e-11,1.0570272e-06,0,0
390,1.12620375e-08,1.0743385e-06,0,0
391,7.2264097e-06,6.8217732e-06,0,0
392,3.1183085e-08,0.00017270252,0,0
393,2.484891e-07,0.00017403439,0,0
394,4.0232153e-05,0.00029099383,0,0
395,0.0011611682,0.00029019607,0,0
396,9.323039e-06,0.0002901916,0,0
397,0.00081872736,0.0002902446,0,0
398,1.6418535e-06,0.00028449742,0,0
399,1.11450314e-10,0.00011861626,0,0
400,6.1948236e-07,0.0001172844,0,0
401,1.9052486e-09,3.2334464e-07,0,0
402,6.897399e-12,9.094608e-08,0,0
403,5.756557e-15,8.538636e-07,0,0
404,5.3274704e-11,9.868636e-06,0,0
405,1.5063373e-08,9.873186e-06,0,0
406,5.340534e-06,9.873945e-06,0,0
407,6.372289e-05,9.907579e-06,0,0
408,3.376039e-08,1.047561e-05,0,0
409,5.3106852e-09,1.0534752e-05,0,0
410,2.3544409e-07,9.778013e-06,0,0
411,3.97627e-06,6.7477987e-07,0,0
412,4.290628e-07,1.0910446e-06,0,0
413,4.3355904e-08,0.0015745598,0,0
414,2.5517213e-10,0.001588474,0,0
415,2.9476146e-06,0.0015879202,0,0
416,0.011014286,0.0015878597,0,0
417,9.7634744e-05,0.0015878535,0,0
418,9.9563984e-08,0.0015878554,0,0
419,5.8979794e-09,0.0015874471,0,0
420,3.5772249e-12,1.4005819e-05,0,0
421,1.2576824e-08,5.7998477e-08,0,0
422,9.037265e-08,4.3779377e-08,0,0
423,1.975722e-07,4.293711e-08,0,0
424,2.0927585e-12,4.2943704e-08,0,0
425,3.0294628e-11,4.2632955e-08,0,0
426,2.124758e-12,3.0033153e-08,0,0
427,4.9716713e-11,2.5590904e-07,0,0
428,1.0401566e-08,9.306141e-07,0,0
429,2.1740576e-09,9.435033e-07,0,0
430,1.7787036e-06,9.435031e-07,0,0
431,4.7229373e-06,2.6159594e-06,0,0
432,9.025465e-08,2.6171633e-06,0,0
433,9.671296e-13,2.6168527e-06,0,0
434,1.1707242e-05,2.362925e-06,0,0
435,1.8830924e-08,1.6896789e-06,0,0
436,3.7373846e-15,1.6935546e-06,0,0
437,1.2088412e-09,1.8586718e-06,0,0
438,1.0214166e-08,1.8831827e-07,0,0
439,1.1738489e-07,2.4289045e-07,0,0
440,1.1558213e-06,2.4547035e-07,0,0
441,1.47677115e-08,2.676728e-07,0,0
442,4.0083623e-07,2.696602e-07,0,0
443,1.80593e-08,2.52891e-07,0,0
444,1.5662586e-07,4.818562e-07,0,0
445,2.4126036e-08,4.797465e-07,0,0
446,5.2569586e-13,4.2248794e-07,0,0
447,2.7585777e-06,4.1992436e-07,0,0
448,2.3335922e-14,3.975497e-07,0,0
449,2.6128254e-11,3.9410313e-07,0,0
450,1.14123315e-10,3.941031e-07,0,0
451,3.3974592e-12,2.129827e-11,0,0
452,2.0665316e-16,1.6186393e-08,0,0
453,2.1678795e-13,5.8350806e-06,0,0
454,5.1985313e-12,5.8363216e-06,0,0
455,1.13155686e-07,5.836322e-06,0,0
456,4.0732284e-05,5.8363225e-06,0,0
457,8.802155e-09,5.838125e-06,0,0
458,6.1163886e-12,5.838129e-06,0,0
459,2.5991505e-12,5.8249216e-06,0,0
460,1.2617814e-08,2.0557378e-08,0,0
461,3.045743e-11,1.938302e-08,0,0
462,2.070892e-08,1.9480585e-07,0,0
463,1.01733576e-07,0.0001215423,0,0
464,5.8165683e-10,0.0009355857,0,0
465,1.227966e-06,0.0009356761,0,0
466,0.0008494325,0.0009356732,0,0
467,0.0056983163,0.0009527254,0,0
468,6.3279066e-07,0.00095272565,0,0
469,3.7839096e-10,0.00095930044,0,0
470,0.00011946728,0.000838009,0,0
471,2.3179523e-09,2.4281315e-05,0,0
472,4.7251815e-05,3.900765e-05,0,0
473,3.920796e-07,3.9015456e-05,0,0
474,2.2225304e-06,2.3011225e-05,0,0
475,0.00010371714,0.00030747257,0,0
476,5.504029e-08,0.00030075377,0,0
477,7.4376553e-06,0.00030999086,0,0
478,0.0019912317,0.0003197046,0,0
479,2.202157e-07,0.0010306163,0,0
480,6.505161e-05,0.0010312606,0,0
481,7.0218564e-05,0.0010320058,0,0
482,0.0050800997,0.0012091908,0,0
483,4.564181e-06,0.0012096025,0,0
484,1.2653668e-05,0.0012485044,0,0
485,0.0032315273,0.0012394944,0,0
486,3.1013053e-06,0.0005137671,0,0
487,0.00033736633,0.00051359093,0,0
488,7.14802e-06,0.0005119524,0,0
489,9.091322e-09,6.1557264e-05,0,0
490,3.3306617e-06,6.356836e-05,0,0
491,1.1840617e-06,1.5389016e-05,0,0
492,7.876139e-05,2.0507681e-05,0,0
493,1.7178969e-05,0.0061000353,0,0
494,1.1090591e-07,0.007905448,0,0
495,4.29787e-05,0.0081255045,0,0
496,0.042556703,0.008114519,0,0
497,0.012641222,0.008112066,0,0
498,0.0015415737,0.008113076,0,0
499,1.8672624e-06,0.008113614,0,0
500,8.1336475e-09,0.0020411473,0,0
501,7.183521e-06,0.00023540587,0,0
502,4.6744826e-05,1.5200819e-05,0,0
503,4.9432212e-05,1.5467904e-05,0,0
504,1.031442e-06,1.5536649e-05,0,0
505,1.3833193e-07,1.4560715e-05,0,0
506,3.736864e-06,8.640925e-06,0,0
507,4.893527e-07,3.111539e-06,0,0
508,3.5197385e-07,2.9646362e-06,0,0
509,5.306306e-06,2.9461373e-06,0,0
510,1.07265005e-05,2.694776e-06,0,0
511,3.1258516e-09,2.6557188e-06,0,0
512,8.837651e-09,2.617013e-06,0,0
513,1.977335e-06,1.8590156e-06,0,0
514,2.1595365e-07,3.2667353e-07,0,0
515,8.103379e-08,3.2775648e-07,0,0
516,3.2218847e-10,3.3041448e-07,0,0
517,1.0682661e-10,4.7961073e-08,0,0
518,1.0706518e-08,1.7111997e-08,0,0
519,2.7443601e-08,5.5900626e-09,0,0
520,1.6095687e-10,3.0901575e-07,0,0
521,1.0091398e-11,3.0910343e-07,0,0
522,3.8025905e-10,3.0862793e-07,0,0
523,2.124302e-06,3.5864397e-07,0,0
524,7.206146e-10,3.9059637e-07,0,0
525,7.3780804e-09,3.9071932e-07,0,0
526,3.7755586e-07,3.9067297e-07,0,0
527,2.2382784e-07,8.757688e-08,0,0
528,8.708285e-10,4.7052436e-05,0,0
529,5.5786598e-11,4.7064834e-05,0,0
530,2.6291251e-09,4.7013767e-05,0,0
531,0.00032875474,4.6982204e-05,0,0
532,9.415012e-08,4.7041623e-05,0,0
533,2.0084872e-08,0.00019302152,0,0
534,2.9202851e-09,0.000518172,0,0
535,4.1680573e-07,0.0029102399,0,0
536,0.0010218594,0.0029158897,0,0
537,0.0022760557,0.0036891878,0,0
538,0.01707323,0.0037131414,0,0
539,3.964218e-05,0.0037476015,0,0
540,0.005413106,0.0036059378,0,0
541,0.00016767673,0.013424135,0,0
542,0.00024163933,0.012860155,0,0
543,3.0213912e-05,0.015669374,0,0
544,0.07100343,0.014901328,0,0
545,0.013125377,0.0148987025,0,0
546,0.019704185,0.014885859,0,0
547,3.677771e-05,0.0344854,0,0
548,0.00014929674,0.025658408,0,0
549,0.00015174107,0.023784665,0,0
550,0.137227,0.0209918,0,0
551,0.009214475,0.020986637,0,0
552,9.181747e-06,0.022431752,0,0
553,0.00015414481,0.024977313,0,0
554,6.3885494e-07,0.0065376377,0,0
555,0.010265095,0.005251153,0,0
556,0.01797066,0.0053306795,0,0
557,0.008149265,0.0068025035,0,0
558,0.00020908334,0.0068036625,0,0
559,0.0005658713,0.008029081,0,0
560,0.010456912,0.06946764,0,0
561,8.752069e-06,0.06874849,0,0
562,0.01884302,0.06871928,0,0
563,0.44804057,0.06864318,0,0
564,0.0031152263,0.067151584,0,0
565,4.6005216e-06,0.06715035,0,0
566,3.3207572e-05,0.067688584,0,0
567,1.5709957e-05,0.0037166614,0,0
568,8.131992e-08,0.005766597,0,0
569,0.02261069,0.0062158452,0,0
570,0.00023711428,0.008160889,0,0
571,0.017464776,0.082706936,0,0
572,0.0031493367,0.08277668,0,0
573,0.013648513,0.08010745,0,0
574,0.52183807,0.08083763,0,0
575,0.0004882856,0.07847447,0,0
576,0.0039260318,0.07813113,0,0
577,0.005348444,0.0771374,0,0
578,0.0009226021,0.06452805,0,0
579,0.00074595935,0.07374626,0,0
580,0.00669241,0.07491917,0,0
581,0.4335726,0.107447185,0,0
582,0.06501574,0.11310285,0,0
583,0.012136474,0.114960805,0,0
584,0.2330445,0.11458326,0,0
585,0.040512327,0.05264433,0,0
586,0.013751623,0.043356366,0,0
587,0.0040496136,0.041676026,0,0
588,2.6291866e-08,0.010301262,0,0
589,2.207014e-09,0.06952588,0,0
590,0.0003741186,0.123097256,0,0
591,0.013421124,0.12757176,0,0
592,0.45508468,0.16998105,0,0
593,0.38875124,0.30151135,0,0
594,0.035371143,0.36427513,0,0
595,0.29686508,0.40227965,0,0
596,0.92071223,0.3814793,0,0
597,0.43972045,0.3871355,0,0
598,0.27945274,0.4579089,0,0
599,0.3094822,0.5335782,1,0
600,0.42834467,0.54383785,1,0
601,0.5307849,0.60491866,1,0
602,0.8265504,0.5795004,1,0
603,0.99252933,0.5381923,1,0
604,0.8672863,0.47785002,0,0
605,0.10152477,0.42118883,0,0
606,0.020325193,0.36134967,0,0
607,0.0059489403,0.34185702,0,0
608,0.1341567,0.35257822,0,0
609,0.4076764,0.42809486,0,0
610,0.85608083,0.55205774,1,1
611,0.9423347,0.6680766,1,1
612,0.6301414,0.7507866,1,1
613,0.88806534,0.7692538,1,1
614,0.818081,0.67980903,1,1
615,0.7131268,0.6880252,1,1
616,0.53694683,0.7023769,1,1
617,0.22996736,0.64434105,1,1
618,0.9998476,0.6693135,1,1
619,0.7306038,0.7101688,1,1
620,0.48181397,0.7405343,1,1
621,0.9928881,0.8468281,1,1
622,0.99911386,0.78894794,1,1
623,0.74950486,0.7055577,1,1
624,0.97402436,0.7791366,1,1
625,0.5946865,0.7801525,1,1
626,0.14687212,0.7800465,1,1
627,0.9968664,0.81557995,1,1
628,0.9999997,0.8191318,1,1
629,0.9983715,0.8755949,1,1
630,0.9982388,0.99745566,1,1
631,0.99888736,0.97657096,1,1
632,0.98992807,0.96812934,1,1
633,0.9998975,0.9683531,1,1
634,0.85067356,0.96847856,1,1
635,0.94090873,0.96831316,1,1
636,0.99993765,0.9697414,1,1
637,0.99911696,0.9682283,1,1
638,0.9977296,0.98902637,1,1
639,0.99992555,0.9974438,1,1
640,0.9893053,0.9933484,1,1
641,0.9962604,0.99346256,1,1
642,0.9998307,0.99319357,1,1
643,0.97127,0.9928217,1,1
644,0.9999168,0.9943495,1,1
645,0.9958464,0.99488384,1,1
646,0.9973223,0.9949079,1,1
647,1.0,0.9990122,1,1
648,1.0,0.9990241,1,1
649,1.0,0.99961746,1,1
650,1.0,1.0,1,1
651,1.0,1.0,1,1
652,1.0,1.0,1,1
653,1.0,1.0,1,1
654,1.0,1.0,1,1
655,1.0,1.0,1,1
656,1.0,1.0,1,1
657,1.0,1.0,1,1
658,1.0,1.0,1,1
659,1.0,1.0,1,1
660,1.0,1.0,1,1
661,1.0,1.0,1,1
662,1.0,1.0,1,1
663,1.0,1.0,1,1
664,1.0,1.0,1,1
665,1.0,1.0,1,1
666,1.0,1.0,1,1
667,1.0,1.0,1,1
668,1.0,1.0,1,1
669,1.0,1.0,1,1
670,1.0,1.0,1,1
671,1.0,1.0,1,1
672,1.0,1.0,1,1
673,1.0,1.0,1,1
674,1.0,1.0,1,1
675,1.0,1.0,1,1
676,1.0,1.0,1,1
677,1.0,1.0,1,1
678,1.0,1.0,1,1
679,1.0,1.0,1,1
680,1.0,1.0,1,1
681,1.0,1.0,1,1
682,1.0,1.0,1,1
683,1.0,1.0,1,1
684,1.0,1.0,1,1
685,1.0,1.0,1,1
686,1.0,1.0,1,1
687,1.0,1.0,1,1
688,1.0,1.0,1,1
689,1.0,1.0,1,1
690,1.0,1.0,1,1
691,1.0,1.0,1,1
692,1.0,1.0,1,1
693,1.0,1.0,1,1
694,1.0,1.0,1,1
695,1.0,1.0,1,1
696,1.0,1.0,1,1
697,1.0,1.0,1,1
698,1.0,1.0,1,1
699,1.0,1.0,1,1
700,1.0,1.0,1,1
701,1.0,1.0,1,1
702,1.0,1.0,1,1
703,1.0,1.0,1,1
704,1.0,1.0,1,1
705,1.0,1.0,1,1
706,1.0,1.0,1,1
707,1.0,1.0,1,1
708,1.0,1.0,1,1
709,1.0,1.0,1,1
710,1.0,1.0,1,1
711,1.0,1.0,1,1
712,1.0,1.0,1,1
713,1.0,1.0,1,1
714,1.0,1.0,1,1
715,1.0,1.0,1,1
716,1.0,1.0,1,1
717,1.0,1.0,1,1
718,1.0,1.0,1,1
719,1.0,1.0,1,1
720,1.0,1.0,1,1
721,1.0,1.0,1,1
722,1.0,1.0,1,1
723,1.0,1.0,1,1
724,1.0,1.0,1,1
725,1.0,1.0,1,1
726,1.0,1.0,1,1
727,1.0,1.0,1,1
728,1.0,1.0,1,1
729,1.0,1.0,1,1
730,1.0,1.0,1,1
731,1.0,1.0,1,1
732,1.0,1.0,1,1
733,1.0,1.0,1,1
734,1.0,1.0,1,1
735,1.0,1.0,1,1
736,1.0,1.0,1,1
737,1.0,1.0,1,1
738,1.0,1.0,1,1
739,1.0,1.0,1,1
740,1.0,1.0,1,1
741,1.0,1.0,1,1
742,1.0,1.0,1,1
743,1.0,1.0,1,1
744,1.0,1.0,1,1
745,1.0,1.0,1,1
746,1.0,0.9999999,1,1
747,1.0,0.99965847,1,1
748,1.0,0.9302117,1,1
749,0.9999988,0.9131006,1,1
750,0.99761003,0.91309214,1,1
751,0.51387334,0.9124319,1,1
752,0.8802217,0.91241115,1,1
753,0.9999407,0.774928,1,1
754,0.9953783,0.7074094,1,1
755,0.99985445,0.7757401,1,1
756,0.03761707,0.7927755,1,1
757,0.5249799,0.79124975,1,1
758,0.9921882,0.7557602,1,1
759,0.9994702,0.73680633,1,1
760,0.98926026,0.7631134,1,1
761,0.7469512,0.7373428,1,1
762,0.86717737,0.6687123,1,1
763,0.22176644,0.52918595,1,1
764,0.34458557,0.3917791,0,0
765,0.5117755,0.2857185,0,0
766,0.02278547,0.1722426,0,0
767,0.027411913,0.15631048,0,0
768,0.0045272927,0.16789453,0,0
769,0.07284599,0.1632794,0,0
770,0.110241674,0.2519235,0,0
771,0.42567396,0.3674443,0,0
772,0.47946942,0.5095496,1,1
773,0.6432943,0.6419987,1,1
774,0.8360576,0.76910704,1,1
775,0.9992641,0.8511537,1,1
776,0.9999899,0.9255151,1,1
777,0.99999994,0.97647315,1,1
778,1.0,0.9998902,1,1
779,1.0,0.99999535,1,1
780,0.99999994,0.99999666,1,1
781,0.99997735,0.99768955,1,1
782,1.0,0.9812333,1,1
783,0.9999997,0.97259176,1,1
784,0.9838499,0.9720942,1,1
785,0.88480604,0.972097,1,1
786,0.93950874,0.972097,1,1
787,0.9965172,0.972097,1,1
788,0.999997,0.9744038,1,1
789,1.0,0.9908601,1,1
790,0.99999976,0.9995017,1,1
791,0.99999803,0.9999992,1,1
792,1.0,0.9999997,1,1
793,1.0,0.9999997,1,1
794,1.0,0.9999997,1,1
795,1.0,1.0,1,1
796,1.0,1.0,1,1
797,1.0,1.0,1,1
798,1.0,1.0,1,1
799,1.0,0.9999724,1,1
800,1.0,0.9999097,1,1
801,1.0,0.9684886,1,1
802,0.999807,0.96721745,1,1
803,0.9995608,0.8251686,1,1
804,0.78005207,0.6824196,1,1
805,0.99110216,0.5397797,1,1
806,0.005658124,0.39817852,0,0
807,0.0007568258,0.25538942,0,0
808,0.0015211944,0.14404081,0,0
809,0.008598475,0.0027166603,0,0
810,3.705993e-05,0.0019141433,0,0
811,0.00061177486,0.00895872,0,0
812,0.001833168,0.049609978,0,0
813,4.0504754e-05,0.048400987,0,0
814,0.050068863,0.04863631,0,0
815,0.28607997,0.048559368,0,0
816,0.00013555684,0.0483452,0,0
817,0.0016842969,0.048339423,0,0
818,7.3188996e-05,0.04118674,0,0
819,0.00033399573,0.00031921623,0,0
820,5.9262412e-08,0.00030017746,0,0
821,5.938665e-08,5.9563612e-05,0,0
822,7.356509e-06,4.910804e-05,0,0
823,2.2853874e-06,4.7299e-06,0,0
824,3.2163177e-20,0.014078374,0,0
825,1.3190318e-14,0.015392708,0,0
826,2.3348754e-05,0.015392947,0,0
827,0.09851557,0.015824828,0,0
828,0.009200394,0.0172965,0,0
829,9.027243e-06,0.038828064,0,0
830,0.0030254468,0.038993575,0,0
831,0.010301711,0.025130095,0,0
832,0.15072094,0.023818355,0,0
833,0.0011819357,0.024352629,0,0
834,0.0014712268,0.024025159,0,0
835,1.8205512e-05,0.022556541,0,0
836,0.003748956,0.0010249795,0,0
837,0.00073314586,0.0009637667,0,0
838,2.1385356e-05,0.0007617998,0,0
839,1.5538474e-09,0.0032496366,0,0
840,0.00075344584,0.007835549,0,0
841,5.7458343e-05,0.00792418,0,0
842,0.017433064,0.008018122,0,0
843,0.035850342,0.008035033,0,0
844,0.0013535615,0.007927398,0,0
845,0.00067897426,0.00791924,0,0
846,0.00011838756,0.0054288446,0,0
847,4.754249e-10,0.00030736794,0,0
848,3.5158905e-07,0.00013334867,0,0
849,2.991094e-07,0.00047102626,0,0
850,8.714898e-10,0.00047194917,0,0
851,0.00013542688,0.0015007736,0,0
852,0.0030427175,0.0015016773,0,0
853,0.0001248481,0.0026513748,0,0
854,0.0072017717,0.11434156,0,0
855,6.6775874e-06,0.13579695,0,0
856,0.0080481805,0.13639174,0,0
857,0.78183126,0.13637437,0,0
858,0.15032323,0.13534792,0,0
859,0.0072062965,0.13833065,0,0
860,3.139338e-06,0.13865928,0,0
861,1.6567976e-05,0.039100885,0,0
862,0.020885855,0.017671248,0,0
863,0.010348664,0.016641777,0,0
864,0.08492246,0.016641553,0,0
865,0.00031575767,0.018953506,0,0
866,2.0563737e-10,0.015969822,0,0
867,1.5670817e-06,0.014491441,0,0
868,0.01620024,0.002359661,0,0
869,6.22603e-08,0.0023145527,0,0
870,4.999705e-11,0.002314582,0,0
871,1.4382942e-13,0.0023143583,0,0
872,3.7003727e-15,3.8191043e-08,0,0
873,2.0502237e-07,2.9296714e-08,0,0
874,3.5561903e-12,2.9571137e-08,0,0
875,9.279425e-13,3.5813034e-08,0,0
876,5.71204e-16,3.5813038e-08,0,0
877,1.970965e-09,6.524131e-09,0,0
878,4.3693447e-08,6.523635e-09,0,0
879,1.7668043e-14,6.5235697e-09,0,0
880,3.115735e-19,6.523569e-09,0,0
881,8.587497e-14,6.242003e-09,0,0
882,4.6899713e-13,1.6396944e-13,0,0
883,7.533028e-18,2.9300202e-12,0,0
884,1.2766798e-15,2.931475e-12,0,0
885,5.7396134e-13,2.919219e-12,0,0
886,1.9380022e-11,3.5224022e-12,0,0
887,1.018713e-14,7.049272e-12,0,0
888,8.147326e-17,7.049995e-12,0,0
889,4.6912804e-12,6.9694307e-12,0,0
890,2.4688099e-11,1.153895e-11,0,0
891,6.3366107e-15,1.8557297e-07,0,0
892,1.0009241e-14,2.2458266e-07,0,0
893,5.1366657e-11,0.0005936247,0,0
894,1.2989301e-06,0.09397243,0,0
895,2.7306783e-07,0.23588814,0,0
896,0.004153801,0.37870356,0,0
897,0.6536516,0.5213893,1,1
898,0.99340993,0.6622028,1,1
899,0.9997079,0.8050599,1,1
900,0.9988002,0.9467015,1,1
901,0.98569566,0.99609244,1,1
902,0.9999998,0.96952647,1,1
903,0.9956451,0.9407862,1,1
904,0.9993885,0.93970126,1,1
905,0.8074478,0.941544,1,1
906,0.7985259,0.9415423,1,1
907,0.99120635,0.93966144,1,1
908,0.99859464,0.9397462,1,1
909,0.999988,0.9672536,1,1
910,0.98247874,0.99603564,1,1
911,0.999982,0.9972919,1,1
912,1.0,0.9974927,1,1
913,1.0,0.9974944,1,1
914,1.0,0.99999744,1,1
915,1.0,1.0,1,1
916,1.0,1.0,1,1
917,1.0,1.0,1,1
918,1.0,1.0,1,1
919,1.0,1.0,1,1
920,1.0,1.0,1,1
921,1.0,1.0,1,1
922,1.0,1.0,1,1
923,1.0,1.0,1,1
924,1.0,1.0,1,1
925,0.99999994,1.0,1,1
926,1.0,1.0,1,1
927,1.0,1.0,1,1
928,1.0,1.0,1,1
929,1.0,1.0,1,1
930,0.99999976,0.9971922,1,1
931,1.0,0.99715525,1,1
932,1.0,0.99696445,1,1
933,0.98034537,0.9969619,1,1
934,0.9997416,0.9969563,1,1
935,0.99866426,0.8671439,1,1
936,0.9999821,0.84079534,1,1
937,0.999961,0.7844664,1,1
938,0.09131335,0.6425044,1,1
939,0.81555957,0.50396544,1,1
940,0.58604276,0.36116028,0,0
941,0.006007837,0.22965026,0,0
942,0.02889097,0.21683489,0,0
943,0.00034632243,0.1143208,0,0
944,0.079391085,0.03062317,0,0
945,0.0016057524,0.029765612,0,0
946,0.09796091,0.02563888,0,0
947,0.00015930804,0.025596377,0,0
948,4.948694e-06,0.014340708,0,0
949,3.840098e-06,0.014988178,0,0
950,4.879125e-05,0.0010380301,0,0
951,0.0006014099,0.0011444048,0,0
952,0.0061380393,0.0011437075,0,0
953,0.00030987404,0.001143159,0,0
954,0.0009039302,0.0011477544,0,0
955,6.832128e-08,0.0011172546,0,0
956,3.8138126e-10,0.0002403926,0,0
957,8.095916e-05,0.0001961257,0,0
958,0.00038791116,6.7108056e-05,0,0
959,4.973745e-09,6.711126e-05,0,0
960,5.4166795e-09,6.711269e-05,0,0
961,8.069613e-07,5.6196754e-05,0,0
962,9.078244e-08,5.3142767e-06,0,0
963,1.0393257e-08,6.9957596e-06,0,0
964,4.547601e-06,6.995628e-06,0,0
965,3.173381e-05,6.882066e-06,0,0
966,1.1775353e-05,6.869429e-06,0,0
967,4.491604e-09,2.081957e-05,0,0
968,1.2026095e-08,0.0006127265,0,0
969,2.3253652e-09,0.02583569,0,0
970,9.766138e-05,0.12876785,0,0
971,0.004147896,0.17138757,0,0
972,0.17659247,0.25972077,0,0
973,0.7205369,0.37799916,0,0
974,0.2983381,0.3930047,0,0
975,0.6183324,0.41670713,0,0
976,0.8279489,0.3939794,0,0
977,0.10513609,0.40169463,0,0
978,0.17006487,0.41720778,0,0
979,0.017498396,0.339777,0,0
980,0.7745439,0.2216841,0,0
981,0.40693,0.21629943,0,0
982,0.07631687,0.19209029,0,0
983,0.0012987033,0.18965028,0,0
984,0.06744333,0.07900315,0,0
985,0.0006009495,0.021135109,0,0
986,0.00041830848,0.010236225,0,0
987,1.3860154e-05,0.010054549,0,0
988,0.0018537502,0.0004622244,0,0
989,2.4678526e-05,0.00055596954,0,0
990,2.6969945e-05,0.0016946647,0,0
991,0.00029705363,0.01619428,0,0
992,0.0012571658,0.01768342,0,0
993,0.008389175,0.017969823,0,0
994,0.10151117,0.022964865,0,0
995,0.012277728,0.04831826,0,0
996,0.0020294876,0.048152488,0,0
997,0.03499227,0.046981,0,0
998,0.17777081,0.032752473,0,0
999,9.6787204e-05,0.031049283,0,0
1000,0.00018875265,0.030763358,0,0
1001,0.0019114665,0.025768163,0,0
1002,0.0003554205,0.00037286384,0,0
1003,2.8007471e-05,0.00338969,0,0
1004,2.5895099e-05,0.0033714497,0,0
1005,3.7177015e-06,0.0030988592,0,0
1006,0.02121457,0.0030515536,0,0
1007,6.107033e-05,0.0030476353,0,0
1008,3.331675e-06,0.0030604193,0,0
1009,2.4282193e-05,0.003066721,0,0
1010,5.797777e-07,3.6077425e-05,0,0
1011,0.000115382936,0.00023281756,0,0
1012,4.782975e-05,0.00023544904,0,0
1013,6.5294785e-08,0.0002319803,0,0
1014,0.0014382512,0.00023189941,0,0
1015,2.1752076e-05,0.00021607902,0,0
1016,9.948266e-10,0.00020937822,0,0
1017,1.3529867e-08,0.00020951936,0,0
1018,4.64024e-06,4.054917e-06,0,0
1019,9.2424995e-07,9.481022e-07,0,0
1020,1.0532046e-06,0.0033023728,0,0
1021,1.2385039e-10,0.00346935,0,0
1022,4.3722514e-09,0.003575377,0,0
1023,0.023109972,0.003575246,0,0
1024,0.0011688564,0.0035750954,0,0
1025,0.00074682746,0.003913784,0,0
1026,7.804989e-09,0.0039159837,0,0
1027,6.3673665e-13,0.00094237126,0,0
1028,0.0023708201,0.041431632,0,0
1029,1.5403753e-05,0.052734595,0,0
1030,0.0022946836,0.06665803,0,0
1031,0.28459367,0.06674686,0,0
1032,0.07986759,0.069891594,0,0
1033,0.097463995,0.07017035,0,0
1034,0.0006218434,0.07022887,0,0
1035,0.024383962,0.029646274,0,0
1036,0.0019667,0.02475497,0,0
1037,0.0027043421,0.010836728,0,0
1038,0.0005154929,0.010748682,0,0
1039,0.045628455,0.007266122,0,0
1040,3.6298814e-05,0.0069859545,0,0
1041,5.5236974e-06,0.006599628,0,0
1042,6.0404095e-06,0.0065276087,0,0
1043,5.5274177e-06,1.1874159e-05,0,0
1044,5.6651146e-08,7.5562816e-06,0,0
1045,1.135659e-05,0.00013405322,0,0
1046,1.8315535e-05,0.0001332191,0,0
1047,6.0736706e-06,0.00013397475,0,0
1048,0.0008910023,0.00014932812,0,0
1049,2.0157717e-07,0.0001483444,0,0
1050,1.0816971e-05,0.002647699,0,0
1051,0.000107530184,0.0026470213,0,0
1052,4.4705857e-06,0.0025199226,0,0
1053,0.017513799,0.0025199063,0,0
1054,1.3286241e-06,0.0030059784,0,0
1055,1.313164e-06,0.043232914,0,0
1056,8.682123e-08,0.055694666,0,0
1057,0.003413322,0.05319365,0,0
1058,0.28169608,0.054486983,0,0
1059,0.08723674,0.05463623,0,0
1060,6.6892517e-06,0.055162437,0,0
1061,0.0090546645,0.05477399,0,0
1062,0.0010460399,0.014560172,0,0
1063,0.003683579,0.0023390204,0,0
1064,0.000694191,0.0023968492,0,0
1065,0.00019929331,0.0011033798,0,0
1066,0.0016886842,0.0009539461,0,0
1067,0.0004114927,0.0007073314,0,0
1068,3.782828e-07,0.0012090097,0,0
1069,4.1209334e-09,0.005171695,0,0
1070,0.001957276,0.0049403645,0,0
1071,0.004205939,0.004881783,0,0
1072,0.02793809,0.00488355,0,0
1073,6.937071e-05,0.0056203133,0,0
1074,1.420168e-06,0.0058391495,0,0
1075,1.2749968e-05,0.0052837892,0,0
1076,0.0051573482,0.0013257925,0,0
1077,0.0034891246,0.0013934914,0,0
1078,0.00031842187,0.001968823,0,0
1079,0.00023211137,0.0031098782,0,0
1080,0.0005432635,0.0023761557,0,0
1081,0.0040287394,0.002805266,0,0
1082,0.008000136,0.0037142455,0,0
1083,2.1293878e-05,0.008114013,0,0
1084,0.006492897,0.008053134,0,0
1085,0.006681277,0.02258693,0,0
1086,0.031030487,0.023676094,0,0
1087,0.00011711293,0.023673056,0,0
1088,0.10576531,0.02370916,0,0
1089,0.015624268,0.023141596,0,0
1090,3.669181e-08,0.035604846,0,0
1091,0.006745615,0.039768938,0,0
1092,0.0027083394,0.024703247,0,0
1093,0.11827322,0.022666818,0,0
1094,0.029265758,0.02300777,0,0
1095,0.00030548434,0.022437807,0,0
1096,0.0013692662,0.022479236,0,0
1097,0.0023866892,0.018229995,0,0
1098,0.00275588,0.03297053,0,0
1099,0.0029983588,0.039759874,0,0
1100,0.08852853,0.06166139,0,0
1101,0.13244951,0.11924883,0,0
1102,0.04783087,0.13807498,0,0
1103,0.15467985,0.13764678,0,0
1104,0.40549877,0.1255232,0,0
1105,0.13453893,0.108719386,0,0
1106,9.924146e-07,0.10193581,0,0
1107,0.0036634873,0.079850145,0,0
1108,0.014822768,0.021945031,0,0
1109,0.00034580115,0.004636098,0,0
1110,8.023723e-05,0.004847862,0,0
1111,0.00016300243,0.0048784944,0,0
1112,0.0133764,0.007390679,0,0
1113,0.0014833354,0.009798264,0,0
1114,0.0038779157,0.01092383,0,0
1115,0.03240806,0.012171648,0,0
1116,0.017198898,0.01034036,0,0
1117,0.007959194,0.010322166,0,0
1118,0.008897736,0.06456781,0,0
1119,0.00055738044,0.05998287,0,0
1120,0.0013559756,0.05764713,0,0
1121,0.38359746,0.060855214,0,0
1122,0.00031343952,0.059617545,0,0
1123,0.0008487509,0.060247786,0,0
1124,0.030415785,0.060088925,0,0
1125,0.00023402624,0.0057725236,0,0
1126,0.0049690898,0.00738415,0,0
1127,0.00024393469,0.009934096,0,0
1128,0.003382638,0.009471921,0,0
1129,0.011594822,0.009699805,0,0
1130,0.01869837,0.035181466,0,0
1131,0.027180567,0.035442043,0,0
1132,0.001829205,0.035233703,0,0
1133,0.18334073,0.03363747,0,0
1134,0.0020679652,0.03850734,0,0
1135,0.0019242761,0.03462548,0,0
1136,0.0004211858,0.03436421,0,0
1137,0.052787438,0.008302579,0,0
1138,7.572264e-06,0.008026323,0,0
1139,2.971165e-07,0.0077545303,0,0
1140,0.00090931373,0.0077024247,0,0
1141,0.00013417758,0.00016447027,0,0
1142,2.1726843e-05,0.00016366047,0,0
1143,5.6446985e-05,0.00016362742,0,0
1144,2.17573e-05,3.4998804e-05,0,0
1145,1.9037241e-06,0.0010825562,0,0
1146,6.5790715e-08,0.005240948,0,0
1147,8.9134155e-06,0.0083540995,0,0
1148,0.0074670794,0.008375142,0,0
1149,0.029130468,0.008378328,0,0
1150,0.021848513,0.0091759255,0,0
1151,0.0001690514,0.009516986,0,0
1152,2.419812e-05,0.008532262,0,0
1153,0.0055832523,0.0043710945,0,0
1154,0.0023963433,0.0047071753,0,0
1155,0.00057400926,0.006158722,0,0
1156,2.2928973e-06,0.006155552,0,0
1157,0.024201078,0.0053579784,0,0
1158,0.010329879,0.0050156913,0,0
1159,2.0078185e-06,0.0049336995,0,0
1160,2.396214e-07,0.0049334047,0,0
1161,3.3598002e-07,0.0014774827,0,0
1162,6.3801096e-08,1.2786864e-05,0,0
1163,2.2972588e-07,1.25937895e-05,0,0
1164,9.622881e-06,1.2687308e-05,0,0
1165,7.7008226e-05,1.26393115e-05,0,0
1166,6.562897e-07,1.3067419e-05,0,0
1167,8.942526e-07,1.3034985e-05,0,0
1168,3.2900535e-13,1.1782185e-05,0,0
1169,3.0605618e-06,7.8100965e-07,0,0
1170,2.6826272e-09,6.873846e-07,0,0
1171,8.5327986e-07,5.739601e-07,0,0
1172,1.0985508e-12,5.73967e-07,0,0
1173,9.13899e-10,1.3674388e-07,0,0
1174,1.0028155e-07,1.3636154e-07,0,0
1175,4.8236838e-11,1.4490365e-08,0,0
1176,1.4472949e-14,1.4500693e-08,0,0
1177,6.1525433e-12,1.4500958e-08,0,0
1178,1.816094e-10,3.790857e-08,0,0
1179,7.3389565e-11,7.0123015e-08,0,0
1180,9.1575386e-10,7.012305e-08,0,0
1181,2.6413485e-07,3.6407517e-05,0,0
1182,2.2554936e-07,3.640765e-05,0,0
1183,2.4693916e-13,3.6516467e-05,0,0
1184,0.00025436174,3.6516336e-05,0,0
1185,1.1705322e-09,3.6479316e-05,0,0
1186,7.6175377e-07,3.6492867e-05,0,0
1187,1.1830262e-11,3.6492867e-05,0,0
1188,4.977256e-09,1.5547832e-07,0,0
1189,3.2042539e-07,1.5531135e-07,0,0
1190,3.3256956e-12,4.6494755e-08,0,0
1191,6.181703e-12,4.6584937e-08,0,0
1192,1.7728487e-12,4.6403493e-08,0,0
1193,3.7552066e-11,6.2847766e-10,0,0
1194,6.430929e-10,7.2570394e-10,0,0
1195,3.7071588e-09,7.2482514e-10,0,0
1196,2.5934688e-13,3.4725492e-08,0,0
1197,6.839098e-10,3.5658964e-08,0,0
1198,3.0124832e-14,3.558066e-08,0,0
1199,2.3800642e-07,2.1834143e-05,0,0
1200,6.571882e-09,0.0002613857,0,0
1201,9.492317e-11,0.00090169034,0,0
1202,0.00015259364,0.0009159521,0,0
1203,0.0016768608,0.000977134,0,0
1204,0.0044821333,0.0011121742,0,0
1205,9.9832396e-05,0.0011122953,0,0
1206,0.00042851098,0.0010905134,0,0
1207,0.0009452885,0.0008510785,0,0
1208,8.4734563e-07,0.0002493855,0,0
1209,1.2074308e-07,0.0005167341,0,0
1210,8.1647505e-07,0.0015439164,0,0
1211,0.00027028218,0.0014101345,0,0
1212,0.0019712725,0.0014100189,0,0
1213,0.0076187868,0.0014109636,0,0
1214,8.815876e-06,0.0014150311,0,0
1215,3.710613e-08,0.0017970989,0,0
1216,6.733928e-06,0.0016077604,0,0
1217,2.9289213e-05,0.0005196351,0,0
1218,0.002944757,0.00051846815,0,0
1219,0.0006459026,0.00051846384,0,0
1220,1.910324e-06,0.0005181866,0,0
1221,6.46774e-07,0.00058714097,0,0
1222,7.060667e-09,0.0001685629,0,0
1223,4.793275e-06,0.000828059,0,0
1224,0.00051196944,0.00083064864,0,0
1225,1.4710982e-05,0.0028122575,0,0
1226,0.005262375,0.0028209924,0,0
1227,2.0038276e-05,0.0031096286,0,0
1228,0.013871909,0.0031483825,0,0
1229,6.115103e-05,0.0031462873,0,0
1230,0.0020252476,0.0023964134,0,0
1231,0.00078324834,0.002409228,0,0
1232,4.5602512e-08,0.000770216,0,0
1233,1.3254803e-05,0.0007621016,0,0
1234,0.00010974158,0.00047292348,0,0
1235,0.0023988227,0.0003610311,0,0
1236,4.3508553e-06,0.000361027,0,0
1237,1.0005713e-06,0.0003885312,0,0
1238,1.5604885e-09,0.0003733053,0,0
1239,1.7103451e-08,0.0004864426,0,0
1240,0.00020578378,0.00049326016,0,0
1241,3.1604616e-06,0.012455936,0,0
1242,0.0031907838,0.012455936,0,0
1243,5.207373e-05,0.012456095,0,0
1244,0.083739735,0.012426697,0,0
1245,2.7072933e-10,0.012437744,0,0
1246,1.1217903e-06,0.012069681,0,0
1247,5.2091764e-10,0.01206229,0,0
1248,8.048652e-05,0.00010340601,0,0
1249,0.00061434315,0.00010340607,0,0
1250,3.3249515e-07,0.00010415895,0,0
1251,2.7557338e-05,0.000104158964,0,0
1252,7.2754064e-10,0.00033744625,0,0
1253,6.3919574e-06,0.00024982137,0,0
1254,6.307001e-10,0.00024980213,0,0
1255,0.0017134974,0.0017687529,0,0
1256,9.690991e-07,0.006144773,0,0
1257,1.9773451e-07,0.02810314,0,0
1258,0.010660213,0.028263953,0,0
1259,0.030632142,0.030898482,0,0
1260,0.15371495,0.032045323,0,0
1261,0.0011256876,0.035366774,0,0
1262,0.020155197,0.16683397,0,0
1263,0.008028877,0.16252768,0,0
1264,0.023250338,0.1406715,0,0
1265,0.93093055,0.14215998,0,0
1266,0.00048813713,0.14529489,0,0
1267,0.0007217341,0.14568889,0,0
1268,0.011545035,0.14237897,0,0
1269,0.042099502,0.0094635505,0,0
1270,0.010786853,0.009397835,0,0
1271,8.0968115e-05,0.009727665,0,0
1272,0.0005226284,0.008290696,0,0
1273,2.8128727e-05,0.002415945,0,0
1274,0.0030305497,0.0028181463,0,0
1275,0.0014862374,0.002956425,0,0
1276,0.0009762495,0.0028943873,0,0
1277,0.013602261,0.003027149,0,0
1278,0.0010489183,0.002594898,0,0
1279,8.836484e-05,0.004104396,0,0
1280,0.00095746183,0.004051429,0,0
1281,4.792306e-06,0.065814346,0,0
1282,0.012052724,0.06566913,0,0
1283,0.00060548104,0.06571593,0,0
1284,0.44594267,0.06625484,0,0
1285,3.2396303e-05,0.06748044,0,0
1286,0.0004159951,0.06851746,0,0
1287,0.004729812,0.069252215,0,0
1288,0.008584032,0.007967492,0,0
1289,0.019311832,0.011071632,0,0
1290,0.0057487995,0.011166676,0,0
1291,0.016949574,0.010491037,0,0
1292,0.021761382,0.009561353,0,0
1293,0.0010812995,0.0070870304,0,0
1294,3.3553718e-07,0.009313179,0,0
1295,0.0020762535,0.007274863,0,0
1296,0.0019915719,0.004166139,0,0
1297,0.02133184,0.004011685,0,0
1298,0.0026813596,0.0040116482,0,0
1299,3.1109784e-07,0.0037151505,0,0
1300,1.2517825e-07,0.0034503194,0,0
1301,7.6588925e-08,0.0004099893,0,0
1302,7.7159723e-07,2.7021946e-05,0,0
1303,0.0001377531,2.948502e-05,0,0
1304,4.952767e-05,2.9470302e-05,0,0
1305,5.883987e-07,2.9460034e-05,0,0
1306,1.7552604e-05,2.9420591e-05,0,0
1307,2.2149097e-08,1.2139985e-05,0,0
1308,4.7333693e-09,5.0683007e-06,0,0
1309,4.9548663e-07,4.9957825e-06,0,0
1310,1.6788852e-05,1.6945267e-05,0,0
1311,2.587709e-08,3.7413578e-05,0,0
1312,8.077347e-08,3.7438953e-05,0,0
1313,0.000101199,5.8016096e-05,0,0
1314,0.0001433003,0.0001852782,0,0
1315,1.8236008e-07,0.0001852745,0,0
1316,0.0001445355,0.00018526427,0,0
1317,0.00090762356,0.00017104487,0,0
1318,2.5221494e-12,0.004890475,0,0
1319,9.215804e-09,0.004890456,0,0
1320,1.6632822e-06,0.0048698126,0,0
1321,0.03317931,0.0047401614,0,0
1322,4.738936e-08,0.0047419243,0,0
1323,3.8400138e-08,0.008082413,0,0
1324,6.22825e-08,0.009132036,0,0
1325,1.233668e-05,0.0043923818,0,0
1326,0.023383433,0.007870962,0,0
1327,0.00734902,0.007915488,0,0
1328,1.7347895e-06,0.007940822,0,0
1329,0.024350109,0.0079872515,0,0
1330,0.00031172985,0.004664264,0,0
1331,0.00017739316,0.0045752292,0,0
1332,0.00033734413,0.0067935516,0,0
1333,0.00012251723,0.0058162375,0,0
1334,0.006725775,0.0762973,0,0
1335,0.015529995,0.10114684,0,0
1336,0.01750891,0.11162802,0,0
1337,0.49367914,0.12527062,0,0
1338,0.17412424,0.12759511,0,0
1339,0.073705554,0.1280575,0,0
1340,0.095620684,0.12957779,0,0
1341,0.022997264,0.09221069,0,0
1342,0.01876673,0.0791036,0,0
1343,0.028150909,0.06857508,0,0
1344,0.23210941,0.055129934,0,0
1345,0.08237465,0.05738327,0,0
1346,5.9104423e-06,0.055792417,0,0
1347,0.001504675,0.05513366,0,0
1348,0.03877061,0.022001961,0,0
1349,0.0076307436,0.010515323,0,0
1350,0.023539614,0.010595232,0,0
1351,0.00018752135,0.011898984,0,0
1352,0.001968182,0.0063605746,0,0
1353,0.0005652719,0.0052704713,0,0
1354,0.010630934,0.0019117473,0,0
1355,1.7598261e-06,0.0075258976,0,0
1356,1.7415523e-08,0.007816315,0,0
1357,2.8544335e-05,0.011059224,0,0
1358,0.039486572,0.030357655,0,0
1359,0.0040011047,0.041805465,0,0
1360,0.023265634,0.08256882,0,0
1361,0.14571996,0.21329628,0,0
1362,0.08013643,0.2220256,0,0
1363,0.28534347,0.32907254,0,0
1364,0.9151207,0.40357998,0,0
1365,0.10059193,0.38375494,0,0
1366,0.75332963,0.40873322,0,0
1367,0.54481804,0.36799583,0,0
1368,0.0069447285,0.23743342,0,0
1369,0.25498426,0.22884013,0,0
1370,0.00018136243,0.12128819,0,0
1371,0.0011840295,0.044712722,0,0
1372,0.040438913,0.05287731,0,0
1373,0.0004659942,0.024766464,0,0
1374,0.008789783,0.02477619,0,0
1375,0.06409683,0.028708218,0,0
1376,0.058208335,0.026362076,0,0
1377,0.00024944532,0.0328361,0,0
